{"epoch_0": {"train_loss": 1.0405069097429833, "dev_accuarcy": 0.6449343339587242, "dev_loss": 44.662607967853546}}