{"bleu": 0.3027898488787578, "rouge-l": 0.24759682623535906}