{"bleu": 0.3042052234362803, "rouge-l": 0.2504402543740082}