{"bleu": 0.2563503812185548, "rouge-l": 0.27642766328203894}