{"epoch_0": {"train_loss": 0.9737227431137505}, "epoch_1": {"dev_accuarcy": 0.7420262664165104, "dev_loss": 40.27247554063797, "train_loss": 0.841529861619054}, "epoch_2": {"dev_accuarcy": 0.7612570356472795, "dev_loss": 40.5817429125309, "train_loss": 0.6764065298776301}, "epoch_3": {"dev_accuarcy": 0.7504690431519699, "dev_loss": 44.451872169971466, "train_loss": 0.5268100709444993}, "epoch_4": {"dev_accuarcy": 0.7457786116322702, "dev_loss": 51.26326221227646, "train_loss": 0.41761282284004214}, "epoch_5": {"dev_accuarcy": 0.7382739212007504, "dev_loss": 55.49221575260162, "train_loss": 0.349116159978919}, "epoch_6": {"dev_accuarcy": 0.7218574108818011, "dev_loss": 63.22792863845825, "train_loss": 0.30075469518198017}, "epoch_7": {"dev_accuarcy": 0.7181050656660413, "dev_loss": 65.31878781318665, "train_loss": 0.2572605369300472}, "epoch_8": {"dev_accuarcy": 0.7185741088180112, "dev_loss": 69.84338915348053, "train_loss": 0.22194304256585312}, "epoch_9": {"dev_accuarcy": 0.7138836772983115, "dev_loss": 73.71593111753464}}