{"epoch_0": {"train_total_loss": 2.7943184020323133, "train_cr_loss": 2.2123175925731915, "train_eg_loss": 8.032325935916376, "val_total_loss": 5.080426413421918, "val_cr_loss": 4.1775435630607785, "val_eg_loss": 13.206372701481309, "accuracy": 0.648444863336475, "bleu1": 0.5407846586012706, "bleu2": 0.333956399573879, "bleu3": 0.236699955068545, "bleu4": 0.1952221905044948, "avg_bleu": 0.3266658009370474, "rouge1": 0.3117813002435583, "rouge2": 0.09120323151065513, "rougel": 0.30277109797054913, "perplexity": 8.251206398010254}, "epoch_1": {"train_total_loss": 2.55337757420789, "train_cr_loss": 2.0828267060308083, "train_eg_loss": 6.788335595627307, "val_total_loss": 4.932070045286928, "val_cr_loss": 4.085227349925783, "val_eg_loss": 12.55365474172407, "accuracy": 0.6644674835061263, "bleu1": 0.5543946178695816, "bleu2": 0.3456212352193444, "bleu3": 0.24869177354315072, "bleu4": 0.2064148223284471, "avg_bleu": 0.3387806122401309, "rouge1": 0.3331272598379794, "rouge2": 0.10462861993396456, "rougel": 0.323585012707719, "perplexity": 7.414321422576904}, "epoch_2": {"train_total_loss": 2.442778598832611, "train_cr_loss": 2.0036275699207637, "train_eg_loss": 6.395138130949498, "val_total_loss": 4.854888310980729, "val_cr_loss": 4.038369298880107, "val_eg_loss": 12.203559540668598, "accuracy": 0.6828463713477851, "bleu1": 0.5543686131030995, "bleu2": 0.3507943069393668, "bleu3": 0.2549523593833913, "bleu4": 0.21350695929426783, "avg_bleu": 0.34340555968003134, "rouge1": 0.34536394223703654, "rouge2": 0.11410503321193834, "rougel": 0.335446752607658, "perplexity": 7.0052924156188965}, "epoch_3": {"train_total_loss": 2.3460292615723124, "train_cr_loss": 1.9218816881098995, "train_eg_loss": 6.163357719299878, "val_total_loss": 4.807467198282002, "val_cr_loss": 4.002081499585108, "val_eg_loss": 12.055938840474193, "accuracy": 0.6979264844486334, "bleu1": 0.557808968445534, "bleu2": 0.3533053431284055, "bleu3": 0.25700025168088925, "bleu4": 0.2149128882980605, "avg_bleu": 0.34575686288822227, "rouge1": 0.34620104593250156, "rouge2": 0.11470454123750116, "rougel": 0.33653958549381907, "perplexity": 6.849966526031494}, "epoch_4": {"train_total_loss": 2.24081388208516, "train_cr_loss": 1.8229743378937628, "train_eg_loss": 6.001370024467077, "val_total_loss": 4.805128892899458, "val_cr_loss": 4.00525179817135, "val_eg_loss": 12.004023217345948, "accuracy": 0.6993402450518379, "bleu1": 0.5609781410714333, "bleu2": 0.35440634303043567, "bleu3": 0.25694576650325485, "bleu4": 0.2153551271775811, "avg_bleu": 0.3469213444456762, "rouge1": 0.3443884383744124, "rouge2": 0.11654123344884001, "rougel": 0.33495320820229396, "perplexity": 6.79328727722168}, "epoch_5": {"train_total_loss": 2.144695236871672, "train_cr_loss": 1.7295922206600953, "train_eg_loss": 5.880622630829086, "val_total_loss": 4.883975296173311, "val_cr_loss": 4.101620548519742, "val_eg_loss": 11.925168862104641, "accuracy": 0.7016965127238455, "bleu1": 0.557768787163345, "bleu2": 0.3539914501190567, "bleu3": 0.2583032329774443, "bleu4": 0.21674477073043694, "avg_bleu": 0.3467020602475707, "rouge1": 0.3452634841211109, "rouge2": 0.11561160228829462, "rougel": 0.33540245841245264, "perplexity": 6.699371814727783}, "epoch_6": {"train_total_loss": 2.0421759051740938, "train_cr_loss": 1.6273038429861924, "train_eg_loss": 5.776024733980497, "val_total_loss": 4.945300470310826, "val_cr_loss": 4.1740685771592485, "val_eg_loss": 11.886388226346403, "accuracy": 0.7092365692742696, "bleu1": 0.5580808728174921, "bleu2": 0.35432878261011375, "bleu3": 0.25864920520833157, "bleu4": 0.21689033166307348, "avg_bleu": 0.34698729807475276, "rouge1": 0.3547121831415927, "rouge2": 0.11580873256526072, "rougel": 0.3448281768883178, "perplexity": 6.6580400466918945}, "epoch_7": {"train_total_loss": 1.9354393835491943, "train_cr_loss": 1.5175988788877206, "train_eg_loss": 5.696004179145618, "val_total_loss": 5.078709788416828, "val_cr_loss": 4.321245280332323, "val_eg_loss": 11.895890987559829, "accuracy": 0.7139491046182846, "bleu1": 0.560035324641067, "bleu2": 0.3548245420836861, "bleu3": 0.2597544585112352, "bleu4": 0.2188385748227342, "avg_bleu": 0.3483632250146806, "rouge1": 0.3446355159704807, "rouge2": 0.11675295499102116, "rougel": 0.3351942486634375, "perplexity": 6.6635918617248535}, "epoch_8": {"train_total_loss": 1.8103833076726779, "train_cr_loss": 1.3862930266196578, "train_eg_loss": 5.627196096482768, "val_total_loss": 5.341133986521621, "val_cr_loss": 4.609960372385048, "val_eg_loss": 11.92169716962658, "accuracy": 0.7148916116870877, "bleu1": 0.5581311125261607, "bleu2": 0.351170538670631, "bleu3": 0.2561837579816091, "bleu4": 0.21563342179337744, "avg_bleu": 0.3452797077429446, "rouge1": 0.34621903252599906, "rouge2": 0.11316301000318572, "rougel": 0.33572298588723193, "perplexity": 6.6797943115234375}, "epoch_9": {"train_total_loss": 1.7216668855538642, "train_cr_loss": 1.295867046522973, "train_eg_loss": 5.553865638368894, "val_total_loss": 5.523642279650106, "val_cr_loss": 4.816097174187408, "val_eg_loss": 11.891549117828067, "accuracy": 0.7082940622054665, "bleu1": 0.5603087587293925, "bleu2": 0.3585118559956461, "bleu3": 0.2641440447088878, "bleu4": 0.2229204639307921, "avg_bleu": 0.35147128084117957, "rouge1": 0.3516230079974051, "rouge2": 0.11426868906598077, "rougel": 0.3411882683886068, "perplexity": 6.643177509307861}}