{"epoch_0": {"train_loss": 37.16714382171631, "val_loss": 98.34307670593262, "bleu1": 0.40533745812294714, "bleu2": 0.15585827346562978, "bleu3": 0.03603616348659627, "bleu4": 0.00968638436887726, "avg_bleu": 0.15172956986101263, "rouge1": 0.034453781512605045, "rouge2": 0.0, "rougel": 0.034453781512605045, "perplexity": 83.9599380493164}, "epoch_1": {"train_loss": 32.80159533023834, "val_loss": 92.63250350952148, "bleu1": 0.41942794040691356, "bleu2": 0.13737342482126372, "bleu3": 0.02917860896461751, "bleu4": 0.01274889818764729, "avg_bleu": 0.1496822180951105, "rouge1": 0.04033613445378151, "rouge2": 0.0, "rougel": 0.04033613445378151, "perplexity": 83.66696166992188}, "epoch_2": {"train_loss": 31.39156699180603, "val_loss": 89.55535888671875, "bleu1": 0.44812611602438146, "bleu2": 0.16427056011096935, "bleu3": 0.05805609458236351, "bleu4": 0.033668664162035164, "avg_bleu": 0.17603035871993736, "rouge1": 0.05210084033613445, "rouge2": 0.020535714285714286, "rougel": 0.046218487394957986, "perplexity": 83.32498931884766}}