{"epoch_0": {"train_loss": 11.387182674839359, "val_loss": 6.903849673539568, "bleu1": 0.488002832251225, "bleu2": 0.23959203819300873, "bleu3": 0.1383542278211426, "bleu4": 0.1035171860032374, "avg_bleu": 0.2423665710671534, "rouge1": 0.20595809247068728, "rouge2": 0.044556334579165975, "rougel": 0.19965812121237803, "perplexity": 19.039268493652344}, "epoch_1": {"train_loss": 7.324496918304063, "val_loss": 6.443663218231631, "bleu1": 0.5046751939784794, "bleu2": 0.26000736172834005, "bleu3": 0.15897815474456414, "bleu4": 0.12235588313035385, "avg_bleu": 0.26150414839543434, "rouge1": 0.23751087766786863, "rouge2": 0.0566819274898543, "rougel": 0.22840104819397877, "perplexity": 16.128074645996094}, "epoch_2": {"train_loss": 6.69649319136934, "val_loss": 6.233346820101282, "bleu1": 0.5061164718975015, "bleu2": 0.26645690701236924, "bleu3": 0.16513546243611094, "bleu4": 0.1281406381243358, "avg_bleu": 0.2664623698675794, "rouge1": 0.2517536502709906, "rouge2": 0.06296377337239276, "rougel": 0.24171626746777058, "perplexity": 14.763036727905273}, "epoch_3": {"train_loss": 6.2819597385105785, "val_loss": 6.108268782300752, "bleu1": 0.5137609699334382, "bleu2": 0.27688016748901356, "bleu3": 0.17544846150857332, "bleu4": 0.1370044003233822, "avg_bleu": 0.27577349981360183, "rouge1": 0.26750332215547123, "rouge2": 0.06916536322541465, "rougel": 0.25755875524768257, "perplexity": 13.581089973449707}, "epoch_4": {"train_loss": 5.961807133586045, "val_loss": 6.028657821732211, "bleu1": 0.5119743512266309, "bleu2": 0.2772929971045251, "bleu3": 0.17531713035811644, "bleu4": 0.13702415103210516, "avg_bleu": 0.2754021574303444, "rouge1": 0.2692481142231444, "rouge2": 0.07371207239461296, "rougel": 0.25769813011425335, "perplexity": 13.104299545288086}, "epoch_5": {"train_loss": 5.688033455571985, "val_loss": 6.038678542310704, "bleu1": 0.5083595053953995, "bleu2": 0.28025301076412257, "bleu3": 0.17795020871195968, "bleu4": 0.1381729613601887, "avg_bleu": 0.2761839215579176, "rouge1": 0.26689345056040215, "rouge2": 0.0706141496886173, "rougel": 0.25537977102787796, "perplexity": 12.64061164855957}, "epoch_6": {"train_loss": 5.430362393533137, "val_loss": 6.06554832176688, "bleu1": 0.503820759684382, "bleu2": 0.27842722148833604, "bleu3": 0.1740103674489161, "bleu4": 0.13355577581509803, "avg_bleu": 0.272453531109183, "rouge1": 0.2611379510935295, "rouge2": 0.07138549269557172, "rougel": 0.249394136172292, "perplexity": 12.328113555908203}, "epoch_7": {"train_loss": 5.209888248231732, "val_loss": 6.27784651283028, "bleu1": 0.48671848845945626, "bleu2": 0.2725318700279739, "bleu3": 0.17015025243843374, "bleu4": 0.1300026739516873, "avg_bleu": 0.2648508212193878, "rouge1": 0.26063438923153603, "rouge2": 0.06806966979512785, "rougel": 0.24803822321928734, "perplexity": 12.449872970581055}, "epoch_8": {"train_loss": 4.98414429371311, "val_loss": 6.463956441485636, "bleu1": 0.47301207176991256, "bleu2": 0.2654841810304395, "bleu3": 0.16379939469982932, "bleu4": 0.1243436364926164, "avg_bleu": 0.25665982099819945, "rouge1": 0.2612017809809165, "rouge2": 0.06830493783644659, "rougel": 0.24687724965564004, "perplexity": 12.386223793029785}, "epoch_9": {"train_loss": 4.777049797345791, "val_loss": 6.73830508067505, "bleu1": 0.47072217632042296, "bleu2": 0.26803145519102056, "bleu3": 0.16652754727813726, "bleu4": 0.12707653790190795, "avg_bleu": 0.2580894291728722, "rouge1": 0.2627688244507573, "rouge2": 0.06765862212625827, "rougel": 0.24773220991077652, "perplexity": 12.52606201171875}}