{"epoch_0": {"train_loss": 1.126563343233419, "val_loss": 2.152056293125224, "accuracy": 0.6158536585365854}, "epoch_1": {"train_loss": 1.0608219794881164, "val_loss": 2.0844680115608516, "accuracy": 0.6486866791744841}, "epoch_2": {"train_loss": 1.0333056031173888, "val_loss": 2.0487872369964846, "accuracy": 0.6655722326454033}, "epoch_3": {"train_loss": 1.0047917942291154, "val_loss": 2.013244271613867, "accuracy": 0.6772983114446529}, "epoch_4": {"train_loss": 0.9723773553201677, "val_loss": 2.0122682735128206, "accuracy": 0.6801125703564728}, "epoch_5": {"train_loss": 0.9357343524558833, "val_loss": 2.0053413079782456, "accuracy": 0.6819887429643527}, "epoch_6": {"train_loss": 0.9032496400735874, "val_loss": 2.021484574614054, "accuracy": 0.6857410881801126}, "epoch_7": {"train_loss": 0.8579438473486862, "val_loss": 2.0495079192166927, "accuracy": 0.6904315196998124}, "epoch_8": {"train_loss": 0.8164390266476083, "val_loss": 2.0771920485299704, "accuracy": 0.700750469043152}, "epoch_9": {"train_loss": 0.779406982922739, "val_loss": 2.1329857450936123, "accuracy": 0.701688555347092}}