{"epoch_0": {"train_loss": 11.677143343064209, "val_loss": 6.93222246854435, "bleu1": 0.5081914467936759, "bleu2": 0.2712456673959503, "bleu3": 0.1712545417188833, "bleu4": 0.13389565489049374, "avg_bleu": 0.27114682769975085, "rouge1": 0.2397681426303398, "rouge2": 0.05934727481742167, "rougel": 0.23142171615953422, "perplexity": 11.373668670654297}, "epoch_1": {"train_loss": 7.3830170385395935, "val_loss": 6.476779407900225, "bleu1": 0.5286033844248432, "bleu2": 0.2987670672487938, "bleu3": 0.19765150824286104, "bleu4": 0.15797979648220084, "avg_bleu": 0.29575043909967474, "rouge1": 0.28620811577231947, "rouge2": 0.07587111187534712, "rougel": 0.2766546071572421, "perplexity": 8.375840187072754}, "epoch_2": {"train_loss": 6.7030994744066, "val_loss": 6.2166832625083135, "bleu1": 0.5401324447412148, "bleu2": 0.32014045406134595, "bleu3": 0.21863733598716625, "bleu4": 0.17724739949867846, "avg_bleu": 0.31403940857210133, "rouge1": 0.3095586260696352, "rouge2": 0.08968437347824279, "rougel": 0.29838990704478785, "perplexity": 7.559267044067383}, "epoch_3": {"train_loss": 6.299652828489943, "val_loss": 6.078435142313115, "bleu1": 0.5458168782704996, "bleu2": 0.3266019922164108, "bleu3": 0.22530124467315443, "bleu4": 0.1834338252550973, "avg_bleu": 0.32028848510379054, "rouge1": 0.3228067128474782, "rouge2": 0.09605148615226151, "rougel": 0.3131606232750561, "perplexity": 7.22444486618042}, "epoch_4": {"train_loss": 5.953851377300328, "val_loss": 5.982890904061566, "bleu1": 0.5444205591838066, "bleu2": 0.3252938254898065, "bleu3": 0.2230605745940601, "bleu4": 0.1817789146414135, "avg_bleu": 0.31863846847727173, "rouge1": 0.32209592778342067, "rouge2": 0.09901415212673625, "rougel": 0.31123271873223585, "perplexity": 7.029067039489746}, "epoch_5": {"train_loss": 5.700681666490608, "val_loss": 5.958938128952685, "bleu1": 0.5407198017639189, "bleu2": 0.32216772290143064, "bleu3": 0.21886991509440715, "bleu4": 0.17749615119356907, "avg_bleu": 0.31481339773833145, "rouge1": 0.3174423173823073, "rouge2": 0.09555405212789886, "rougel": 0.30648994815960356, "perplexity": 6.895435810089111}, "epoch_6": {"train_loss": 5.448050856015922, "val_loss": 5.9345028022440465, "bleu1": 0.537882484100006, "bleu2": 0.32500600749795944, "bleu3": 0.22265372228024968, "bleu4": 0.18041089653768486, "avg_bleu": 0.316488277603975, "rouge1": 0.32588110017029265, "rouge2": 0.09823059827301911, "rougel": 0.3136544500025351, "perplexity": 6.818094253540039}, "epoch_7": {"train_loss": 5.212223449247297, "val_loss": 5.957118280609374, "bleu1": 0.5306216566041344, "bleu2": 0.32324904948656835, "bleu3": 0.22136453995892033, "bleu4": 0.17893215713519034, "avg_bleu": 0.31354185079620334, "rouge1": 0.33029555818465667, "rouge2": 0.10272545086031457, "rougel": 0.31887730627659955, "perplexity": 6.786713600158691}, "epoch_8": {"train_loss": 5.00239444382058, "val_loss": 6.105344447588608, "bleu1": 0.5132264474712345, "bleu2": 0.31176790932880616, "bleu3": 0.20927605885726802, "bleu4": 0.16748618987356279, "avg_bleu": 0.3004391513827178, "rouge1": 0.3251119143673771, "rouge2": 0.0993339801163165, "rougel": 0.31176037459180844, "perplexity": 6.96146297454834}, "epoch_9": {"train_loss": 4.8014943513867685, "val_loss": 6.334864847208277, "bleu1": 0.49573143807849906, "bleu2": 0.3035366110698238, "bleu3": 0.20408104394865365, "bleu4": 0.1629515549214478, "avg_bleu": 0.2915751620046061, "rouge1": 0.3266294556128739, "rouge2": 0.10278297041864803, "rougel": 0.3126075220166655, "perplexity": 7.267282485961914}}